id,name,price
,gc3Aew7Ey8lI,87
,9M0PYZ0epOdp,28
,l8BgN3Ke66wo,22
6d59148d-6d1e-4165-8e5a-290aff236905,8QPX13xEG4fq,34
7038ecf4-5d05-4030-9d63-b98d8632158e,LE2FBuN6U4Ti,63
,W3GGWeB9TZRk,84
,60lsjSZiDDQg,3
,fvaxYDzfuMxU,27
8e7ddcea-5c1f-493f-91d2-c8f0dda2035a,U8s6pIQ9VuZ3,76
,SX8fzjWOJxH0,84
,woHgJWtdUopc,27
face28c4-367f-475d-9974-abe1c5db45de,FaAq0NQ8gC0n,90
a1374ab9-5df6-4319-aa1a-032f1455a7fd,GSnULKeshv2y,49
,FaccLnSLIylL,27
,8l20PEnN7LSq,24
,V7V73okL2iUF,24
,BS6nX3VZwdBN,54
beeb31aa-0994-466d-beca-b3e883cbae80,S8pR9uApvyr6,27
,FLaP4Ff61BKO,44
f19731f0-3726-4809-80f4-b54f4392a05c,tq6uk9Rq231u,10
f4553882-1db8-46fd-900f-5749cbf5fbd6,7rxbE9DegLPL,20
,JLxBvOpWnekC,59
,SpNMVem1YEKK,56
,9JERURZj2kjA,58
,CTcE5RxLLhr6,60
,fojIMLMFrr4e,55
619022d1-f0f1-401a-95ee-5a99a5469e55,Nl1veTXlv4OK,68
,B5gvgBb2kFtf,14
,4gHEvH8ILXPk,30
,LQcg10Tu6iTZ,42
83ebf21a-9ad7-49d0-bc93-92244ae47c61,d2dgJcMiWQVj,93
afd3db73-1bcf-4dca-957e-be8685818557,eTzTAoI0zaS7,27
66394f03-6130-4e64-bb43-11079c992a6b,HbADglbHDoBU,70
d9a8088a-2cf7-496e-9481-ad724b592df0,HrPTJV7JkHRv,76
,00iZdyTY2QZu,75
4e13a8f0-4300-4af6-b5e1-a8a9460239c4,TGYKaIindmQ2,66
,gMJLEnIyQnjd,91
,NclMCjngA6rO,34
fa1ecf17-7636-4788-b881-0a37622d94e3,xhn8oNGVJaOQ,67
ef22c8d2-20b8-43bd-8f8a-5f78be648426,b4LhvesDYT8C,53
5bb7b8fa-1883-4ab2-97fb-0394b9db2054,S3ZHOgVuAZOc,81
,wiUaU5AqkSHL,98
9ebff89b-03d2-4fc3-8be6-7debdb54a638,pN6gqQN2cC9x,82
,LHuW9EhOQc3c,3
,xZy4lsAQloLP,2
4091b19c-74ed-41b7-982f-8aa9b761a99e,oPdvvtTRADZo,52
,84lFTSO7JRvL,90
0b5ab2b4-a8fd-4676-af78-b3cbf9860af4,oAMFw8oGir0F,12
,2KyABxrk5D1I,56
979cfc22-6373-49bd-8e09-3c5bef534a64,NVy7emC35x08,97
,F2t5gtN5UM2g,43
c5ab4759-d227-460c-8166-ce0cec98ff3c,BP2YooielX4V,3
9f1e4fa2-9da8-4658-9667-a6179562917e,APh6rLQADcbi,28
,r30szOeX0cr7,44
4a403700-0b3f-4945-937e-cfd7faf8a2c8,PdgQSO61dSls,15
a4887982-cd00-46de-8534-5bee97725252,tA1gmtAwJIhU,99
,TOgjOYHHAPyW,12
6424636e-8e42-474f-8990-258f5e66ac15,MqhuWvv9C8pH,75
780d9922-acbb-45c5-aede-e23bd6711f23,H3elO4ODhgtw,44
3e2960f4-2e68-4495-bfdb-6b34b1daa026,qtp3ZH6AIyCv,39
7a90e05b-a089-407f-9545-735330346f12,kQOjGZS1fkTW,41
6cac6479-4f10-4dd0-8d0e-e0e5143db0a1,aZFhQTUnVSgo,41
a81d8456-2488-4fcd-b15c-4d90fecb5d64,8aXF0MQdMKpY,18
fb414f31-e262-4c64-93c7-fa1c2963d432,A6VagPPzStlT,83
a5e055bb-2750-4382-a108-e49a455eae8b,r4OFB8d6Wz2Z,72
b23957bd-058e-48d2-8555-d03c5acc56ca,hrQJwhd4DqI2,11
,PwGNx3Fwf0dF,66
058c9187-1208-45d5-ad72-a15373834b16,vPOaqLINFI22,52
109835b2-e2b1-4ca3-abee-764d0df4c329,2PwWTwutwlyr,81
,2qMsGDWIQ6WX,4
401dda35-c4f5-4045-b564-7f8dff11babe,C66S2IwT0G44,26
289314a9-b1c6-494c-86c0-3ce875f2d225,XGW62AD9Qca1,54
e05fc2a3-a091-4c9d-a4f5-956affca8b12,e0jrhWnUOrQU,64
a600daae-8314-49c6-92f3-c5661efb6d41,5dEUoVo5M2Oj,25
,vjmQIoBLHPtp,16
,0LqRiN4N5X0D,90
477bb957-d798-47a3-92d5-0306e4e0620a,GPP7QFFNnqcM,99
,9pj9RK1Dymig,34
,DOtSEjPMjSbQ,22
cc7c1256-7c61-4cf5-b295-43ff46159d6c,kN3kqPSNJQCs,49
e56d41e7-dc6c-4607-a3e1-86628fb60cbb,VF3mbqnkDy5q,80
,VDhv3PYXdSK2,45
67bcdd2c-4f07-4d2e-8ed8-2cae440dfab5,Ws45TfJfMt0D,76
,biLcYmvE4R5d,29
bc849459-99ab-45ad-b41e-e49cee9c5eaa,Wo8KYzvQUmKo,41
,VLnODNXupSJY,43
,GNyotr19Cb9p,33
,klngxuKYcHWi,36
080cea64-7ec7-4335-8111-bf5ad96e817c,d6GjSc77q5XV,24
d5af0606-a5d3-44e0-9a42-cad278a05a4e,P1xqSid9G8d6,29
,md8VD3XvRK1t,52
,kPIpQHjpxmP6,26
,9qPYmVaubl9I,74
670abefe-b7db-46fd-b155-a15d5a807980,nopWZjJOYpsI,40
86f627df-498b-48ed-9d62-f939e1e208b1,3Igvpx6GuCBc,91
,Cspbg8gKcMRv,79
b4e15280-eadd-4231-b9a5-34c652899fa2,tM1q8f7BS3su,1
221a8c36-7bc1-4495-9af4-8feecf80138b,DFYJFMmEHyop,13
8f1f3f35-e65a-4076-b2e6-bb6b6d273cf5,zyOKhu1ME3Hj,72
,u6OtmDZdRzEP,19
,xfYxKogxqPVe,36
,m9sPo51EQ1Ms,42
,UKUIuh357BDW,49
,VGs0HtUuzpEq,90
875c92c5-7b5f-4591-af4f-6fd41943836b,HdZhFFrGCjGk,91
,XlMMHq6qaGes,99
,Muk9b8nZyw6F,35
3d70cf2f-0363-4b13-879f-b66d60dad76a,GX0ixp085dwB,17
1e27cf42-1e62-40fc-bcc9-ee73fe173d0d,gLrpdYcexJ8d,94
,Ef025YOkHb1k,44
,SkwS6MFcAX8f,25
eaa60f4f-adad-4f89-b637-9a14245d65b9,VSJr6kzHOQ5H,11
44b5d683-6a3a-48c8-9b50-27fa098b4df2,13rjQZHRsurm,11
751a8b10-0652-4d67-b363-ff3ced0a311a,YX1JPlsmznjc,84
08725b82-d8e7-4a0f-ae90-8118730ba702,MlICZ00IVSAa,41
bd64ab0e-e26e-420f-8f6d-c816c25b97fa,NuuhgQEvthWo,96
5f13b923-77e1-4b5f-99eb-cd9c730d06fe,NfBgdsWXIuor,77
4245d9b4-2188-426c-abb8-3db1284c627c,PryS78zH21Ds,3
8e696bfc-0426-4a01-b5c7-df13d95072d6,snSQFrn2KXEm,16
dc64460c-6170-41ed-817b-39da32c37bac,oL2x7hWrh96r,94
,i39vk1infGlN,11
,zERMyfOIOcEh,89
7f3a4d32-537d-44ce-97c7-f2032d618f48,LEc4U9rGOjTS,92
,sdNi6qR9EzDG,54
,OmnGX14UdWhZ,12
,xAFsf25cN2k1,31
1675715a-5446-4902-b714-7461db4c8a8c,po5LGLAWI1TC,55
e6dad0e6-1ef4-441d-a630-2d0ccf5264cf,2OPqgwcF7ZCA,78
3bb5bdaf-161d-4c3c-8000-14da9893dc2f,dp65B0an7SKP,56
,di4HniWLFRgu,42
,HJlMrZcl2E18,41
,madXtidPo01v,96
649cd8f0-db8e-4ee4-bece-eabd7f0e0709,sWHBMdMrtMtL,87
,0I6LacMgERET,37
,6zfrw5AgnoI6,62
,ADSTI6FDEvvr,78
6e66ab4d-efb6-4f49-8bb9-9d2f429a17b8,Ka2L8abNGNWo,64
3a0191a7-e06c-481d-967d-a6a820a1c7e6,Uc0STfzxFXrE,54
77f5ac96-0912-4378-b37d-0fe4aad80946,rTJetBiL412e,5
184c7f52-b0fb-4fa8-8ac8-ca723951c815,3mD0IJq7nsof,57
fef891fd-1ebf-47f3-b01b-f9a01078c14c,A0Rd4mKrQgT6,51
,sJVFtnviHtUI,9
,KuhUpYLWWGm7,15
2eb1dd29-9f1b-42de-a210-1e53dfe8d915,rHeIl1KIRaed,91
04d19027-f831-4093-8010-d756083fddcd,ATEy70v7R54y,27
,AWV78NMROpob,24
,6TzELwfjTqz8,48
84a61829-d645-48d6-9a3c-b448ba6f7cb0,D2w4rxPRCHli,24
c030a6ea-64c6-450f-ae0f-c946711f02ff,WmPgbmwBDyys,12
a34a0ebe-7e49-40c4-9a95-f4abcbffc19c,wxsIPROjkYe0,64
,gKtJh65CfFr4,31
,nFmzPElNvOeb,10
,QNQMYcNGzyrk,62
3d695033-c78f-42a8-9524-e1b74f8d4ef0,qyggqqLIHzkw,41
d2d580e1-3ab8-4d40-a139-aacc147e0f44,gUvKx9zL0Pcs,97
,SxcwFKzfUQuw,53
,Q16gY2i4FIiM,75
,FlC8s9jxmak8,39
3cf50489-b37f-453f-bdfe-6f0a1f20cf1f,eKgpt68TsV2H,94
,CRVvq5mK8PjL,9
fc05f094-ec4a-4167-851e-333e29d36119,TaLzlODko5My,82
34d25ca7-80e3-4608-8e3c-a1a4e7ffef9f,RGoQpdLblgtI,20
,lrQYkztlCWoL,82
5a6c4604-3908-4917-9ef2-fb0088f827de,4BZT8328ZYwB,55
b0cf6d34-f657-43c6-8e5b-90fe56248458,CVXAeINSNopb,84
,mLJIDUd7ijg0,28
e8d113d5-d5df-472c-bb4a-8f14eab751ce,PGnhEVjX9kgg,56
,woBv1ZfS14Rj,75
,xlbIzXsoHJat,82
,UsELtuh33B6l,9
ca047e71-f374-41a0-a396-e00e196ad46f,cwHiYnn8ggwM,70
,vLU0aGOH1zNo,35
,C6ZlNwC1aK4M,48
,xfunXi6k9zSd,67
,mLPXbNoM17k6,33
974982bb-128b-43ef-ac6b-2f5ec33904b2,fLaYLPP24CMq,60
,F9BedTmO5WiU,66
,at6pqdMNswi7,79
,q3lBuSD9gZs1,14
873235aa-06d2-4bfd-8be8-0ad23e7685dc,jiR9OWvbpnL0,42
,rTAFlyDYIy7o,6
9c311d8c-216e-4117-b15d-adf4171f759a,QVOEg8CxM88Q,71
c36ca0ce-bdab-42d4-82f3-2c9946ac154e,ZI1locm6SEOP,27
,kJqK5GC8hLHY,98
,hKGPhEqVjpSL,96
ee4fe3b4-e6c5-4ac6-8162-623fdf52db4d,1dYVPIa6dXdI,60
,SIALngw1ziZt,3
751a56ee-f707-4d76-b99b-60289f036fe9,JjPb2OTXfHjp,99
,lVUoaRmLABMM,55
130d06cf-3865-494f-b802-1cd3cbe1120f,yliOhMepSm1R,49
,tHWqamDTHHmM,94
097ea380-7f1b-4c09-8c99-b64801eb2ea4,DgaHVfKMPvax,93
,6mYgr7ifBej3,18
,6jPLWPUn1s7E,50
,2pI3NYN41n2M,35
,dqwFJHlIJVjJ,97
,MiVng5aHpo4K,88
deca8b8f-a749-41d2-a96d-519b8d3a3cee,v9sqfm7K3qiP,61
,4jcCXG7zNcKh,99
,8i3KmudgYUr4,92
c78a7e5f-df8c-45cb-98ee-a89778ddb4d0,XTMB2JKJXX7M,49
,VPGo79IIhEFh,53
1d0e93fe-2964-483b-b57e-cbe737b97e04,gf7aFGV98b3J,84
d65a58a9-b595-499d-998b-e67bde2ee9a5,JReRkRuzNi35,59
,oHRKxGHgKjlR,26
,mrEWiWSCXLVy,71
,FOLYkBzBkncz,86
,UTHYJGUzexFg,37
,gj46k9CwnqnL,82
e992d3cd-7d1a-44c0-85bc-20455ec25d60,O0OeRo4HXfyk,58
a01d06b5-a77f-48f0-9e14-471fd1c5a341,pR3wSn3st3iH,46
32871b67-5cd3-4ea9-b104-cbe38c836b06,XBddXEkaX9DZ,3
9507d1f6-dc66-4fd5-91c0-f514d7a926e0,dJqAOJXUVuKU,60
,QQOqKjHA2JfP,43
c3140fe4-b9dc-4796-b859-41bb9dc6ad7f,LzlimTeOCXLF,23
,ddxBC9clNOGG,87
c7b06888-3622-4650-ba44-aca75d6ae46c,8FYKOk9XNzaZ,37
,Xyq91Jb7XpW0,96
,Srd7z4x82tJR,37
,DyQsnohx50a2,78
d866a82b-2f2e-456e-800f-4688209de2aa,fjTRLa37pc1E,3
b73a5af6-9645-40ee-a552-54a86b972530,hamZfzKedEDE,73
9a8cb18d-a154-493b-86ed-d89ef93dc2b1,ZBmvi9NZubrq,62
,vX0GD8eumq3V,37
,jvYiQUgRfmyQ,23
,dhdmjWSfLhhd,79
,EcVJk7iwGZlc,50
0e168e39-74c7-4a43-aabd-53dbbda5d6f3,aMG4fUFh0gWa,62
b6275b89-2b8a-49d3-a505-60b5f349eecd,PaP1R5HkWHJE,81
,LBI6tSi9fxvW,39
,aEWuSBCT1bDl,88
,1yGS6mv1ORIW,32
764f1db1-8c93-4d3d-b776-b6e2de5f5dd6,WTEzTkcWnvRv,60
ce18f312-ae26-4f2e-8466-2c0138d23c83,oXs5H2fj9j3p,67
29f1c906-3fe0-439a-b703-f65dd657ed1f,OVfrJSz8ZNFf,94
,D5iD6z15E4Lo,19
,QqeBoNZHRGuw,87
,nJxskL9dJ5F2,89
c641177a-4ebe-4639-96df-3303f9932823,xRGChkIDdxHg,78
,uEtPpW759mfn,58
6e639bc7-9aac-47e7-8fbb-18164e81106f,ugszmsLHn6BZ,45
4c55fe59-7c85-44d4-be76-2f5b15fdcf31,OrbUCP3OBsz9,61
,5YeunibSLM5f,50
d01d3a64-871e-4a8a-b680-eea67ba1e506,QkW5RJZNT5lm,12
,ysFH7KM5werQ,57
,vQwZF74YUFCt,64
,meuyK8LMXXzR,2
,HUZkgReixLxM,32
91f3f340-a8b9-40d3-acbe-8c59b9523abc,OVQe1J4hAgRx,18
5e1ac8fb-db05-42f1-8ef2-d54a0d3ac5f7,puKSJFDROSgl,37
,YVuc9gbcLbft,1
97725b8c-43e6-4806-9cb7-d6a96c0b0651,dBXqlKc3EQar,60
3e22f906-59bf-474d-98df-eb619858c418,XREk37dtfEIz,85
4496f426-1948-4d6c-971a-7bd06632fe7c,A208P3QNe7fU,23
391a7cec-f6c4-4587-9d45-a262330abf07,y3xfN2dAxaH9,62
,4Xav5eRFpRFJ,94
8518c147-52e6-413a-b1ea-ac4eac5aa903,x9Hc1TTm4COb,72
59bc95ba-ce2f-4045-8e6a-4bb864f8930b,yU3TyG0Cmxw1,21
92ac7dbf-ec30-49cf-a92f-8c952f3c24b8,ti7q11JcF43N,10
b3ec7758-9e99-4f74-be5c-28307ed2aac3,ngtAa3IsD505,12
b7253cac-4a1d-4e78-b1f2-f946dc709be2,3OC3DW5cjWld,49
ad6fe745-afe2-4c55-a894-0fd56bd3c3e2,EczCS0r9Wgat,20
37b93475-dbe4-430b-8ec6-f809543df4d6,BcGcKE406EKu,16
965dce00-14f6-491a-bba9-411aea60a7c2,hNWYGWdNQ2Tl,4
,rIKTfMv8e9HB,45
,84wsDcz66WLM,50
ed328da2-0284-4360-8a0a-e43a774c6f6a,Osmu76kLKXzf,94
,HAf6ZKwrx9pL,50
,26KwTZWjsUs7,89
f9f6117a-6e11-4c84-a8f8-3ccbf88f541b,QXBiz0oty2PT,46
,SToQF8ThAlf4,80
0d73570c-5bd2-418e-8438-55421c777894,b5NlwFPP74av,52
,WFPRFbVkFqXT,60
d8760a84-7bbb-493a-b22d-63a2160aa12a,L1t1ztfTaYbm,49
,BQZB6wLtj1KN,63
a1cf414f-f89e-44ce-bcbc-6ab182553b4b,bhBO9jNmLO3M,10
,XtICw3XjbhNT,81
f292c9dc-e1cd-4973-8984-e02caccc5b16,9FlMHqhtJ5gw,96
,kPZE8gxN6sAO,77
,eImwC0T1q75b,76
,RZRCcoyFP0h7,85
bffccfbd-8fcd-4aec-8a90-2cc4c9905539,J8jKZYnmB5Ft,38
63f5eb8c-cfef-412e-a7ad-62a6b8f35f9a,71iJefbEelz1,33
,CSIzbswpvfjG,3
9b9ceeed-b77e-4d16-bef4-ed6cfea98fb7,elF7P2BuOJwb,73
,hij2r7DWr9Qt,11
,hllBigJmYbfL,78
,As8cMNqzN7wc,98
bd355c6c-19af-482e-96d8-9d9c6b516f9c,ceqDlelAlZvs,70
,Z2S3bEKLn0DB,91
,iAS6gAGMLGGh,26
,kprIzNcdT4Vc,36
,zOvMbwpnlhwX,79
,I5PWhr0sityb,41
df8c8523-1d12-45b1-8798-a88356e83844,n3sKXJjDlkKV,91
0ae784ce-0348-4375-b235-d4bd782b9fbb,NlfipqimZr4I,91
24945196-8608-4a62-a4b1-852c0b8035f9,sW5Gbrbe96Ff,73
,OFcZmcw049Bv,30
,xKbrseVMPGXj,73
,UjAd0FszCQnx,22
,Wr7808bRow5i,78
c9314c1f-d3bd-4f81-9511-179a270f8612,gugghsNqVE0H,43
ee86159f-6599-43da-9677-b1f7a68138a1,AqRaypCUb8U2,22
,jj4HQciU3Dvp,1
88f43dda-e69c-4dd5-bed6-0688ba8f1524,e8elnfX2oqVo,10
cc828570-4c30-42a6-8ddc-cbb331ed34a6,2cWd6PiUfP2S,8
7c7ef4bc-6772-434b-85d1-3da25955c79e,gCsshl4fj32q,14
7f24ecd4-4bb4-49c1-837f-a5c67e1b5aea,aeHpTtYwP2Lh,72
f077fc9c-3e82-4086-980e-4c25a11c2234,EXksRhUt6UAy,96
da2504c0-9f4a-4b90-a6cb-a6eac94d2f74,ZfukaGVqU3XM,66
,s6S6T6xb8tQe,3
21bec0eb-8e3b-4949-a6c3-eada45589294,zCDq7UE8kgU7,9
,7DjD9Miyr2o5,13
3dae937f-3c0a-4f14-bb5b-61a4aace1bf0,AWaSJbEWX10d,6
,wzHcaVs6GWfF,49
,5xWvGSna0Pl1,96
,dpsee2un0MN4,17
38272173-78f4-4d61-9b1a-12002efc54b6,V1oj6BvIj0Um,35
69466f5d-b2c3-4ef6-a7af-3c34159081b6,H3IuUTkAnh9L,7
0b92aad7-a2c9-4147-b876-15b6d9d7b3c6,KiJHCbFlDCJg,84
,WZcZhgpurXQ4,31
6857e830-51a7-4dec-a1f8-4818df03ebc6,4xvvPjLiTvrw,39
bcd45532-f078-4ce9-8a8f-451da94bea97,zsdYmVWwXDZs,73
97008ab2-f7bd-4b2c-9c4e-36cb22d85514,RDcEkRK4DKxR,71
fc311909-e6da-450b-971c-fad35473ea1f,4P7WlmrQ8EUN,50
6055307c-8cc8-4cf9-8b6d-cf958e16be3a,yN7ytoVtzwHw,17
,VXTvlCfRHi6r,81
38b7018c-00f0-4ea7-b127-40bbdd6d89aa,wrSJqxbojJVU,15
,nYtQjnnSX0wg,58
,t5oTEBmMQrX7,33
,jZNigagzsncp,58
,2Fzb9cHNR9Py,77
,JSEzg44G6CqP,48
,nNz6TUqKPYWw,50
,G7ctHiDrkdts,84
,Jd6xbVztyxhn,45
1efaf28d-2c6c-44d8-8698-31878c193777,2N6mLC38p8rw,23
bd41d80e-2032-4c40-b908-33f5cbb8cd9a,Ax8cyWG51oCl,8
b24217f4-5795-49cd-b435-ef6ff693a748,f6cLS95mnnbp,21
2fc86560-8132-47fe-af26-576c1fddfe9d,xpUu3ObxVadM,40
,dR1OwcTwRcO4,10
6c38ed15-f13a-4498-9ec3-dc451981171e,skLVQMKbfkQJ,24
0c95c66f-c911-4138-9695-5cf31f5d9d5e,Kzc4Aza8oDQG,78
4ac5757a-20e7-4b81-8a40-52af33e92519,13qI8MJjf8HT,86
bcad9e08-69f6-4b4b-b2a4-7f8bfb8ad906,2umzlv7hhmka,59
11717ef2-350f-4646-8129-e45e9ad942ea,acxUHL7duCp0,2
,MecW6WawGUnZ,83
,AJS8oXs7qM2D,91
4bf708cc-5da4-4f70-9eb1-ee2e17fb19e1,KgTQXh1V0pke,36
4a6c0a7f-c997-4e66-a116-84b6bd53ccf0,4qTOtRSR83oQ,41
bc70c3c0-f2c4-4884-854c-148ef358ad72,6OZOGTdAEdjx,90
,JGEq7V46Ghjs,34
,iMnsZDSULgd2,29
,coWCXH2STXxz,42
2f9dcd6c-9882-45b4-b6f8-64a22cd83f7b,oaAR2L7F0Iun,9
46d0f8ec-1992-4712-86c2-bf985f23207f,RPjTSrRzyPEV,36
,6zSVODgcS7V9,22
ab61eb70-ab0a-4186-a90d-1fce0228c18e,s6SykEh7ZiN4,87
117a66ed-a67b-400d-bae5-1ceef9a48066,bdvqo2D7E3q5,74
,2daZ1ne4KXjU,21
,1xI0rfqLIl6u,17
,sp0uErHaYBHS,49
df834410-3454-4107-9d09-c2565f8fbb81,fpvgzVLSKpOq,89
,1hhnwfJHfcM7,17
0b319c94-3e10-40e6-a9f6-db46078144b6,x6GNr9mmCMv0,2
67ed8fdb-2dd6-48d9-94b4-982bbdd93bd3,Q4kgAvBBZPm1,25
7572d29a-5f58-42e6-9c38-38f1346067a7,z26mBOLWoZwv,93
f31006d1-d576-4bbb-9a1f-0ce199a0da67,hVPAyY4yzxjo,6
,ju0241JUzx4K,23
f399834a-4dd1-4c20-b429-f07ff9e1c216,LtPWIQpXQB4u,43
d9ac99d1-4d9d-497d-9b0d-bb72a24e6610,3DgTajYCGScI,69
,P14DRtNQb85M,40
5e8bc8cd-ebaf-44f6-aa17-aadb98eb96f3,0XsJR5tfTpOU,98
,QIjD8ZvGT852,18
6518b70b-f2e9-4d2b-9bf3-4c196d22cfc3,r1nARDBQPGMr,99
be12a5d1-6128-44ba-89b0-611e83372229,FcHf6Smf3F7D,28
,IJhi2TDIwOBZ,17
,OByEJFcItqld,11
,43l5WLocAdKs,26
16bf7717-2130-4376-8952-468c8cfa7e8c,wctqRdJZZNxW,35
78b312e6-2df5-4a8d-8a03-39d0334c3f39,YYjjR9dWX3q9,21
38188090-8a6e-410f-b370-67766d8de196,i7lZrbDZEhau,83
66313b9e-5939-4203-a328-182c4edf709e,WAQiyOvu7PLE,72
086eedfd-020c-4192-aab8-e659e48413b1,lByztMF6boIK,9
a9dde83b-54ad-494a-86fc-2473615ed9df,nY6mn2i0LwpU,6
3ffef98d-af12-4201-a6cb-08280adf5502,g1vd5p5K6FDx,43
,sF43BMsiOUE4,11
,k2D1ojwej0W9,97
02bf8447-40db-453a-813c-a54990293f74,VwZDvOeL8ZTV,67
85bed42d-58ca-4a99-a2ca-e1be0d6d347e,V1HOOPxhZM5X,92
52f050c1-07d7-40ed-893b-821958ed0f50,oJwNoSlxbMk5,6
,nqWvtYXSYPyZ,51
a0e5048c-0e01-4156-8f84-537186f57f63,hIO926qstIBo,12
,lpDCUZ5RG4JY,82
,6Cnv0h7HzOUQ,1
,mNYy9ikRjunH,27
36aa5934-9a4e-4e2b-aaf7-07be9396797b,9cAdadAON7ib,64
ede71652-aefc-4e25-859f-2a7e1cd1241e,ZxakaPNe2gPk,63
dd1da692-430a-4668-81d0-a071cd53f775,XF2Ok532xFqK,34
15f1cb2d-b4cb-4efb-a72b-b8c8ded9fcca,5XdENmjfqJQh,98
,Q1YuK7NLltdG,50
,CPOs8B6xlV8Y,26
ef686824-5dac-44b6-9007-becf8573edd6,c5NWKaVtmhgU,47
d4b76bd9-a206-4780-985e-1887d54acb58,0IYBuSdANkIY,18
fcd1cb5b-6209-4e43-a122-b532e31e1fc6,0mRfKxQOha3e,31
53658d10-3cac-4c3a-9f77-fb8e75028432,P0K8whhdOvDj,10
cb61cc73-af2b-4cf9-a5eb-d0add0746802,ktMRkOW3Lj1A,2
e8379b3b-a0f0-4e43-9381-fdbde1f949d6,21txsHDth6wS,71
,675DaXdpgJk4,15
,w0oRj9FLCYZ6,8
51368e63-280a-4138-85fa-77702a927d47,xFKWiPnGnXLu,4
dd97e12b-eb25-41a6-8208-ff9239b414ed,FZWPXlAzcVzU,66
856546d9-0982-4389-aef5-6ea166f3b853,q8dq79ynOeXZ,50
,JND4AsHtDp4C,25
,vZpzVBvMCmlV,20
,I3FjYZuSVKpO,77
,EaMnjBJSgDJ6,20
,oYYZT5SREAd1,66
21eec97f-faf6-49f6-900c-8025d934d37b,apbvFpnZFZ2z,25
87014567-7ca1-435d-b4d1-3834e7e2c047,r85GrhSxzftX,45
22912222-b473-42b6-bdb1-edfc8b7f8c97,uSWsyCZ7k2SM,16
,D2be0y4iMHyH,42
5197c5c2-3a67-4f16-90ba-ad2c9273c091,rCyKhoLxdzSD,36
1bcd9d7a-4e78-4d44-8bc6-1a0df909c2e5,SdrxtUTUscEH,88
071e5f5f-bbf9-4293-a3ab-9d174529141d,GMVvF4gry3tD,67
,cJDYAMZbOSSw,73
,ebu316oMRX2r,81
cc30aee8-826e-4ae3-a0fe-49e674e8f15a,moBY7RSy7bgi,66
a19e9f06-3247-41e5-a308-3cf0546524cb,ierpqpbQlz2t,99
,dKzfYaltJJVE,21
82649b8d-c71d-4932-8465-e58e03b3e98c,AsX6SvgKlj19,82
31b3f18b-8339-4a96-8a5a-7741ca7307dc,KMJcMw7Rjmgz,47
819bf2e3-7599-4fad-bc01-b09fbb2dff96,aCjSz83RVw6K,27
66a28cbf-5c46-4470-8fc6-f7fe7a2112bd,TSD9hup6c79u,23
,tTIHJA3tbcNz,73
24589ee8-b02a-4ac3-a285-6b82089f4688,sn5rpyc3BgzJ,56
,XtkbNgaZdKUw,78
,rvFgVblYupYx,74
dd3b507e-2ab0-4e45-a9e5-9d14be63fcb0,z2g0G7DkUsUU,21
,IyfYTc8KgSni,44
2a82629b-dc08-49ba-91cc-e3a29ea842e1,5jzxu9aOT6o0,58
1f63cc2d-1b4e-4f8a-8eea-6486393efd4c,4IVm5DPaN56Q,24
214e76ce-ed73-45a2-a101-55560c9413a3,AZgkPMRoa34T,87
4ffc583b-30c2-4ea0-9f7a-37bbff14337f,9E9shTbIzM0u,18
96392337-1721-48b7-9f9b-dd9fdc2365f4,YiopyaQ2aQS3,5
f4af6fb0-8c27-4f1b-b735-f34b18785634,AtjSYp78Cnvk,32
,gBTmWj56RZNR,60
54faaccb-5ca0-43ac-8568-27b2a737a54e,ZI10GOMh4Amh,1
,HGOpke5fGkXo,76
,W6RJCmsMyHK5,60
,c5UEDjk1N1eD,76
f7aa09cf-1700-47a0-9b44-93936df2205d,uzWgcYeaUFhJ,63
,8ULy3jQ4kQPR,61
0b33d7c7-eaae-4730-85d5-50ad8c32c50c,YwpfIDWcsFVP,95
37c025ff-e7ed-4044-8dfc-9a2f269ae149,pirSnLfo1Doz,86
4a895ff7-d2ff-432b-a157-e3e6c1f7634a,iyUtcIlVSJJP,51
5fc65444-f412-411a-acca-41746e756cf1,cpE0msh6XsZi,53
,9zTNpQ0UniOs,66
,y5BDFRma5Ucu,43
e9eabd51-f3f6-4e0f-9ad2-65adfc3754ca,63RRb3XeUWUK,57
5e8b5c26-fdcc-4a4b-a52b-3eccf26563f5,8u9efUEt7Ids,47
bcea9dba-c40d-409c-ab0e-c09a44b31a2d,2zvh85KicbNC,39
,qQhfIYe1ZKuX,57
b7ad211a-034d-4a47-9de3-965e721e8f07,GxRLuvjvwvSe,77
,Ct9qrbdVUBuQ,33
a8afe0e2-6117-43c0-a685-f97531098c18,BBDCxkRHiEjt,77
,4rbZ6t81fqpT,36
37d0f207-7f77-4d60-adb1-7658366d1265,s5cClDCMnyEA,64
,OdGhhnvkywfs,3
8d04d5ce-d91e-440d-874d-dca4ebd82637,m3TQu0xKaOLf,85
,QNszCWeHQ7hc,93
93895b68-babc-4b6f-868c-581a792e312a,dcBFjmbYhmw3,6
,AAIfgyi0jV3d,50
79300e12-8b81-43b9-9e82-9a0b074e0132,NNPHYSpjWYMj,64
,ONMdcTca4LRb,49
,ADCpkQr1UcZr,71
,eUgBYrYWS5Wy,64
3d065d4e-8f4f-4af4-9332-139e32cc8852,HU3ReLF95rjS,46
19ed63ae-dcd7-4306-b0f5-bed170c77793,M8gWdNOyW4KB,14
,JcssfqXNwO1T,9
,8lhYWVPEQ7KZ,22
9b1d667a-ce8b-4d57-9bf9-16c2c86157f9,8iEWtfnDcXk1,8
,hW1RzukxSL7M,81
9a0863fd-0816-424a-b002-6827ed2e5a82,pN2SRwnG7Jac,65
46e528a9-510e-45c3-a938-0712ba636dbd,mCprsmq7UOEI,39
042199f0-12b6-4058-aa8d-8f7a9bb8ea49,5fItmn9RHC9r,27
6301918c-6b54-4843-bcc1-eedcb797c661,Zi8LfTCgC8xb,58
,mn28Uoo9FLfp,30
51b1491b-7f89-4146-970c-766bcf63acbd,77470UO8Illk,83
,gKVRN53wvCxv,46
b9f58c92-eb9e-4cee-9f2a-3cd0aac024dc,bWExU4lgslB4,11
b3635eba-4414-4776-8181-10eae8e5dd03,q7Oq2dqvKLZ5,23
,xcf3SftydH2M,16
,nR72YPCF8nRf,22
,pXLYvr2bGg1q,99
,fQU4Z4wXN7E9,4
c9a03446-3277-4e46-b3e1-0a937cd12324,voIP30yNokQ5,68
,jBzCtWU7g9Fo,51
,kppXChyQ3lLL,78
56fa6e56-73c4-4ade-a234-8f162d4695fb,BaOQcXrQC5B7,51
557a272c-9942-43c6-8350-914a251a9ded,7MPfFyKMnUkE,68
,yUBBPiOFBNrC,2
,XDcS2pStjt4f,16
9afbbf51-0929-4090-9502-0fb84931762d,6obabUGbnV1P,7
,QAtu6RkH2CGs,38
,Bzz8Lm10571m,89
,J9Vufwnpqt5K,46
ad0b5d1b-0333-48fd-ab16-c3bdd3e9f62f,NdYXXYNLdJv7,87
,RLQAn4EeVgq6,32
3bd32716-6522-49cb-8b73-a2dbfe478702,KCzKJKmFpjVJ,1
90bd9c5b-6104-4951-bf9b-71627956f474,LJbD6GFDjSoW,18
e32082bd-ad35-466c-b599-a91cf1ec8999,0YbvPwfORlND,17
,g80anfj22iDc,46
b482a072-19e6-4706-bb99-a82cea5ced14,yH6SONnS0XC2,35
de25a48a-9fe8-4b5e-9da0-9306876124ea,KFhylazdKIty,57
2784e897-026a-4c46-b906-9f65699d7553,QxZxY8GmDAEa,13
9f47036d-f895-45dc-a6ec-33d20efd75b9,UiUlRkNZY18n,88
,f7pvgmSyyuwQ,29
976666fa-6eee-4207-bf1a-3759a24e3fbc,A6zT0FsPwHaI,4
,4BYmtLsd0LNk,69
df79a3f5-eae2-45e7-9a2f-9e514508cbe4,54sbvGSWTacK,4
,gDqz0oNZQYum,93
,EVZFvbbCqpAR,80
6efcf997-ab82-4cf6-9aea-13d9d82999ca,l9f50q41PatW,40
a7d101dc-9c07-4b53-a778-a894208488f6,whIeaSdmazOm,39
,ED5xwHc12PVu,53
7cae9813-2abb-4f8b-977b-34962fb0f138,2zpm5GPuObax,13
dd43ec86-21ad-4e00-9e96-0ecb6778e6ad,MkBQ4foC9XMX,67
,Hy5Bp80AiQds,64
,QKLEIrpIAxOP,95
c7d42501-d640-4664-8bf3-d4cef3b5cda9,XASIPoWRjyJD,84
62844408-880e-4199-b494-99ae7738cfff,WKJP7iJ0YAxV,45
,yuiBum5gEx63,61
b5f14417-2ff2-48d9-8efd-840575531b4a,bXiJJHy6ztOX,99
,EK1E8mchQVHF,16
edaab81c-ffc5-42e0-a1f3-11f26ea340b6,rSHFca9OQeY0,9
879574a6-5697-4fee-a2da-a23464bfe3d9,q6CtMdT7BmRk,96
,slYXnQKRIkXp,82
,iiSoo4BDV1wZ,90
e767f66e-371d-4ee1-a9bb-89f46343f326,CKLUOdgwSPbz,72
,tx1tzHunOuxO,60
b0d6898a-3f1e-4a51-aee7-eb0b39423bd2,43wEdTI0Dsor,74
,pzfA6oHXW7Dk,77
,Vf7wXXBmDIeE,8
297c2bd1-8e40-4831-87c4-9b73ab97740e,UMZvIjS9VhAE,76
bd10d59e-80ba-44d5-b8dc-e9586a08543e,BhoBUmifzFBt,49
,tQ3em4SHaTiN,11
0ddfe918-88e6-48c0-abab-643bb04bdb04,ZV0ZJG48ql8G,34
,ix48oGJYurLr,94
87a77a50-40c2-49a0-a1fd-f8893e7a0684,hFx8DHeGtswO,24
,mcyWfYlJQpX8,13
,ZRCpL33Ezl5L,59
81c327ba-b0e7-4e5a-939f-16e72dba4a0a,ETgWF507CzTG,16
670ef21a-94c9-47f6-afab-05958a8e666e,LCeIulHluUMJ,21
,aU9Jxfr6NrWw,41
,qRu3Bv11uG3T,17
4381e446-4be2-47fb-82ba-f42f5167b2a0,ludAyLQpay5m,50
89b3ca29-a37c-4497-b8b2-a5caecf8eee7,DT7ijDndLQsQ,34
,dUr4ijnCppAX,27
6551349b-418e-44ea-9fce-902ecefa8d62,bY4UWezs0Vev,64
a3134efd-4019-4547-b11d-81be68a20abd,qKQZsufmKHFU,38
,zAqn5UryEZ8b,50
c121cead-b43e-400c-9b2a-672c4f1a2c7c,JEDK4CKarrTm,87
e1ecafa8-ba1d-4e78-a6f9-871f484530e1,FmEjcXfxewYD,92
,0TR7OZWtAAXI,39
e90e06e4-c2fc-43df-9cb3-1ae85601ebb8,s45WBswFp7N8,7
,kMgcS67fIVVw,5
e6225a36-a2dd-44cc-b469-70145c1baa24,dqoiZ1lYFl8r,38
,DsYLG9VrCNCQ,26
2cd9e076-7c0a-4391-b226-7be195c820db,O2hZe9EQQrBs,76
,Rtph8tmggJnk,68
,8iedrdy2c0XQ,42
bc09c369-5556-4163-a7c7-b644d372ae72,h0kULCzcAOML,20
e1ce7e29-5699-4ba0-a001-141592999875,OOfDhhLAKdko,72
,hfvb827j8QFY,76
,SXzZt5li3vAW,45
333d6a65-c1e6-40b0-9a54-0998a4a9d4c1,IYe9bLr80ZZK,20
,RJWwXWAoeGOS,50
,vlMYhwzuWfaO,15
e503f02a-dbe4-4935-bbf3-6419f7f2c7ff,VlsZipyu7ae9,27
c110fc45-a985-42e4-ba30-69293cd7c976,kKIKk4Nt3bd9,50
,XzKiqrTF45eB,25
703f4c20-391b-4868-a99e-57f7a1c0b418,l6JJPKV0MgYF,67
e06e13fb-1547-4a32-ae25-284c14da8696,aHKO0sOrOFzK,83
,h6wZgVvxFXkY,2
271b82f8-94fe-4be1-a05c-64a85f0d934e,b6XxwJQL8LJH,72
394e74fa-0c31-421b-8649-168067731a3e,SGmwYJIjXXYn,3
a4c3af57-6b77-4cbd-8ec2-adaa8555147f,44ZBfnxjElK2,35
,nXfOEiMHLtcX,16
76fce460-e9af-4bac-a4e6-d4fee82189ca,fZT5MkpXttnw,9
9685092b-901d-4e25-b6f7-c9db781c6624,gkaiRinXY1lO,30
,dsLiCGQFty2M,90
0a2f5851-fc35-4bd0-985d-9cf0b529f68e,WPkBXFmDo21W,11
,tK2Nb0f6G92U,71
4fe70a06-ee1d-4bac-8b02-34f44c1c55fc,yibkivLdeX1U,59
,PRpV7UcZx3Ei,98
657289f5-44f4-4248-9141-c95f5ba3566a,AvK0zijltEGV,40
8169e65d-ca4a-4df5-b391-7a26673d29ba,fcGXoTeXipNG,59
3e65795d-e249-494f-a802-765b520e1e7b,V1mlZD8SR1Vn,57
dc00d0de-e9f9-4a82-9b9a-ef3b6385d14e,2M0A5oU5bUNP,95
d3d64634-c32b-4c71-8a3b-1eea97969c23,bDtCcisFVjVY,8
775fea01-f8bc-49c9-8848-1e9c739a03b9,0limfM78F5wi,23
,UPBwxPCR9MGC,36
f87d0ca2-61df-4ace-b314-9cf87b02d693,TmmdFyT1WVZg,98
,6umyWeNvbk2v,43
,AVoKmSefzJJN,63
5e99da89-d688-443a-9fbe-8935eb7c6d17,3MRRcc4QreMS,45
b3e9dfc1-1b1c-4f65-8c84-6bf8379b9e60,bUaaikLJtMGl,83
,NN00Phr4q38L,91
48403291-afda-447a-a322-724f946df844,hjnxt7HoDzmX,30
,qfzDLjgHZ1ID,48
434914dc-8465-42ac-b52d-8784636a329c,dE3jh1GnHDpB,37
bffdc08e-4e6a-4dd6-8a6c-9b421a5e5edd,WtQVs0q2dfE9,38
221a5b1d-5b0c-4ca3-adc1-dc4d5ce57a7f,04GqCcyKI2Sm,36
dd1f7d99-8562-494c-a3cf-09ccd33f2f1a,ecD4M5nWxTwB,46
,z0lt2kpXLc7L,19
f85ff41d-0e03-4498-bd79-4550f9be3179,8OCnNfe3xBrZ,34
,fhAzOhNcm1kk,15
,XkJMgKTMDyCo,9
,bmig4SiJ3GkW,87
29037a72-e204-4f69-a37e-d39c7bd87862,riGdVQyfyItQ,5
,Zv3QyNeAWqci,62
42dbe7e2-338c-4b2f-87a5-9eefc65e51ca,s5XGdI9ln0zk,86
,DEHNzipnlZpY,28
d6a7fcf5-183b-4738-8772-1e2c8f72e338,dY4i2dHNyciu,45
,NeMQTyoWYEEt,7
0a14147c-4004-4c99-a425-fdefb21ab005,xv1D8t6I6duV,45
,BesAwld2pYp3,26
,V8RetUwTDw3Y,67
,4hw49CAf6NIo,96
,tfqavxlshlyY,47
90756750-f9c6-4875-80b7-b16b3e6401f5,LMWPJ5nYLPha,33
2949b6ca-9829-47c3-8a08-af28e7fc267b,PvMZdCXVU5NU,13
ba5cd0ce-f72b-4051-9927-0ea252e5c890,n1sLlUCEmOrT,16
6878df40-1e2f-4b6c-bd85-b4b5d4bcf85b,EBXl78iWKNBL,43
b405ad17-a407-4929-b2dc-af18b3a063db,rOEdCsvLu85E,36
1ea86f1a-41fd-41be-9f80-562ada83db2f,DcnCVn4DByfn,55
6d97cdf6-a65f-46c6-97ed-c1f4927726ee,XkeUZSI8Ar84,73
,kJ4ssnklqZhw,95
aa2da97c-627a-4bdc-abb9-0072be670cda,WodsVm4S9sQJ,9
1fd123eb-0fbf-4b8b-a170-9799537a1978,IbR3oKsFowYk,26
507f8988-6223-418b-af06-5e4badd73608,NqDWIa623DMi,35
,GbYu2tjsA1s6,44
,YSNVu4twy4cY,16
,XOedoR9vQMms,89
f47bd053-b95b-4d40-9e64-f8563cd0fb4e,JmAkG7GGSZpL,72
430e94d0-9c50-4441-97f7-8176cbaed925,JbcW5SKdIKXM,89
,RYTFR3dYMgXb,90
,C7BGDnuX3IUR,23
bee268d0-5e6c-483a-8b60-a1103d718ad4,TxOu2Qvoii6K,24
2670d400-2949-48df-b697-4ac9a6b26e78,dVGaRk6uYqLx,42
868fbdc3-1c51-4959-8c9c-eed7f4948cae,w0kNpn7rYhFA,78
,pP4cuIScoPSy,22
e193cbf5-dd34-4380-9091-51d4f71d7e68,IDzulXsnIS8z,95
,hbM7MuT0Vmn0,82
,L040PvUV6Oyh,82
,1y65qE0cm8mX,96
0fa81a26-14e8-4892-9b7b-2284823c7931,IhVBR9bd4H2m,13
,D4AH2eOsg5Jb,37
1c1c6669-7f3a-4d36-baf7-4364a28f9d71,N7R4NJp3kirv,10
,2coK0eLx1u0c,25
,krMMj6HoI8jm,51
,1K8TphiCiULV,64
,NSSVJC5wPGVm,13
13c5b668-3ec8-47c9-94c9-27c9833620e1,a7q2bABKzF1C,43
,nUSU7R15rFiB,29
c49fcb63-6fa7-46cc-b365-dd1dd49c2c9d,HHpINd1SY4hv,46
eaf3eb3b-b805-4271-a725-7135f75eecf3,EjB2CIEpiust,31
d722b783-dc05-47c7-86b4-e979329f633c,YjIeeS7xPn8c,8
90805b09-05f7-4252-b245-42c20b1ff0ab,B6EV7MIY0LRI,87
,x96Neo1cJzYo,18
ff6ed876-d0b9-4802-906c-e336250e5b40,n2Jh0BRIaMBf,27
,JK1mXTzjkvka,5
,7bVDlQXIfFRo,80
e2cf9eb9-cf32-433c-832d-c91c41c45a37,CfPmvc9uWbGG,94
,vJS15ThD3vLj,57
6da3a68a-325f-466c-bd15-ffa0e5bf31f0,PGdyUgcFlDK2,11
,8eEM6sGNPFGY,73
5bf91f8d-d9bf-41bf-9f0e-47e45cb96617,NPRJMHhyxmvz,44
,rw1spt888HtP,48
,se55NuAowEga,48
59821361-54a3-4632-8b59-235b6b12f99d,ElKkzsEjQ3bz,41
,hTm5gOh9zeqI,42
,AWji2UdQLQ6z,47
,NXGkNA8PG3v7,97
,mJXEuLNEPQRs,91
,wSu4CJpqkLbO,59
2b77c7c9-3a29-4e7a-9416-679f4b60b91f,3Yf0tYWipEOa,44
cc3d5a58-71ea-4f50-a432-9dfbcf928772,TPILpJBZFLrV,22
,eta4w54lH9iP,42
7f310666-d139-4f16-988f-d13bc5c62e3b,q3KGINaC9mqX,4
,SlqaVBdzGn19,53
,eN4Md7V4dUJX,49
de785122-7cb1-48e1-b529-d66d5d260d42,2WKbakdrdERN,15
1be0e285-d97f-4e28-9453-b53dd4bb97c3,411gyyzZ9TnD,15
,NR9sq2jX64EL,98
7dfa989b-a734-42c9-adbd-f54fa16a2467,Or5BrcCtmHMQ,42
,eGdWKjZ7Q0A7,92
,m52s5huh2w5R,45
95eb6d74-b25c-48e5-a35b-07c33847ab16,TzL4qYw5Ph5r,85
,ri35nyGKek1J,63
,pELYtVnTfM7L,22
54f537c4-8d65-4c85-8fb1-e12f4f348768,EybXN1HGkZkM,24
,FMlrtgKSGAe7,86
818aa366-8b73-4599-b103-0c265da91f85,qzz5oE49vDAZ,4
21b35df9-a6bc-4c0a-864e-0dc4b70275c8,Rxuj1izxI2vS,93
8df70ae8-b337-439b-8664-59795af5f0bd,UuKo5RjdUUH1,93
,gSBqMixoEd6r,64
8c370fb3-8c45-4849-a719-134fd07d714f,AaRZfqVUnPGc,92
,iv434T8fhJl1,26
,9gnkIvfu8Dpp,73
60d09ad7-13f4-427f-85ec-ea5393fb19d4,OiRebsTO4QSu,90
183d4074-e3fb-4fee-b5b4-42ed67115cdf,Yv1ai8sLSXkl,82
,nhVxiz9Vl5bY,87
,Hm6HOfkPWHEn,67
,cuuaXSqohMVt,23
8891f54b-173c-4d1e-bdf2-f7560d0737f2,DCXPhf22v8u3,51
,VoBoU1aoJQfn,72
,HV17hAyBmV8c,97
,MRwcDfrv6d9K,80
,3gPHVF4dLiXc,83
,dtQPFelsWZYs,74
4d398b4c-928e-464e-bd8c-14aabf325e77,ETqe64dQrNhQ,53
3854bee7-c700-49f7-8d93-984f09287bcb,lzbQ3eyNAo3B,72
,mWQcMsdUMo92,76
cc5b70ed-68bb-416b-aa96-6db6db4d2039,4mHhj0ABvbYD,49
,AUVOUn9JNUm8,71
,E5u2IuxuwJvJ,41
8887f10d-716d-406f-b8a9-20f9463f0db7,QAziPlHTN4TV,88
21f992a7-5630-49f2-a6ed-37dd8e545ff7,1WyiDRWg0PN7,68
,EACZuOQktvAt,71
bf239bbe-9885-46d3-8f89-9dbf046d6ad8,id16VB6JJZTD,97
,ZDpnWLxlb0k1,46
,KLAZZk96BAN1,35
1cacfd86-02cb-407d-a043-ca722ec45f0e,ExoygV2c1l61,38
,bmMRFOeuO0il,72
,OSin0Yd6oxT0,58
4fc93943-1e66-49ba-9e4d-be8869191e26,I5b3nXuBrkLG,51
,uWdCyrpDCZvV,98
009b321f-db6a-416d-8282-b4c0a1582f2b,etqoLtqb2u7m,3
1aba08d4-147d-46fb-b066-e5db2b6c077c,0YPVmtlwuiKY,98
,vdUVmhRLQIEX,11
adf35a14-2da4-4108-87ba-f27749fea43e,roGQ4TNLDzrn,44
dcb74c1c-aaa9-45d9-ad4b-a67d75c26cfe,CYYGdHbKpEu6,63
,JqlQI6eoH4J6,36
18edd764-7f9e-455a-89c1-31628f8c2bab,E9cQdiaGUpAT,64
201d2e9d-33f1-4b42-bc9a-df67a8b45ef0,pykHrRwpXz7T,28
,O8ivJjxcg5Ny,95
75e6ea22-bac8-49d6-96d4-862dbbbf8a79,ugMquEOso6BJ,94
,R8XHl5s8xupa,14
,WvMqR1ZfokDj,62
,ARqadD0k4cBV,46
,QBFGebbY0GaL,86
,r0hy7ChrNgWw,3
2e4054f3-d0c9-446b-b853-d4fd064eee22,ogsh1wBHCwZT,51
,OAsMhn3mLeC8,87
e968fb49-2781-4db9-b9dc-af3d84099f6c,iK8wbIs6efVz,2
,3oet69HMjBs2,77
,8swMasZCuc52,51
,nAfT8uqbeU3X,56
,fMnAAKatRtrU,87
,emPibHlKdeQA,42
eecd88e0-fe8a-46fe-963a-ab1f460ce46e,QYHcqCiHIdZ4,66
f9287b85-8553-4358-a06e-465d9a90979a,4klbzXrnyyNJ,44
,JZ6i8pzCMTnS,64
,tIdFi814W2YC,57
a62ed51e-5e13-4cb5-a193-5547ce348054,wEnFf2ePSoro,4
,4NiWx5bidt1N,60
38309f2c-8bc6-4db8-94a3-9639c7837584,XBuTIhfAKuL6,10
,TVt0wTMLH3UT,31
e3ca048d-6b94-4e57-99ff-3a5ffc8f2693,O6uRnGWy4Op9,91
53212e19-4975-4029-a2dc-363974abe62e,m2MWPIIUaja9,69
e292040e-0fb3-4a68-8a4f-669ef69ea217,vWhJHFBDSmiW,52
670add63-42da-4ddd-aa31-4cc18e572592,oAuzJbnB3De4,89
3f0b4ab5-efd3-4ce5-a677-f5982f8fbede,1hy9ONtAb6ML,42
2cbd4572-4bb6-4d91-b1f2-0cc16aa45104,nPrMfTXVTMOQ,90
b94b6281-3ba3-4e4c-8edc-54e68a6c0bea,8OF3cFD4isPk,79
,zKQNLM5u7Ps6,73
42cb8aff-4cfa-4994-b5ec-31198c261177,dK3xpLvbcaiL,40
,Rlp6KNj64hq5,43
,vwbQ1aGAmo0W,74
,RpHlZZCrED9v,26
,N02dSaBNSy4l,30
,yQtARSC29LQp,61
157b2836-455f-49a0-a8fa-bc1a533af1ea,GdngPOdZWms7,62
,nC4MTpLfdOLT,83
d8b41dd6-4211-401a-b40f-3f3c0f782fae,cHVaR1CIQlOO,17
,Hn8wYa2JWzbp,69
cb9b3060-d193-4c08-b235-f22444ee9157,K811dfvmxgUq,6
,tHAX6sfGmsQu,51
,9gyTH2Tydpm4,77
,uNaSXnWqWnKc,47
,q5Ub9vhIG5G7,41
,4zKCVKCreFeH,86
46b5df86-a62f-43e7-8c10-ec16fd56d1bf,MTGdKmchBOAh,84
,9F6Q4Ri10ku8,24
ba13c2fa-1415-48cd-b2ab-43d854c2f3b2,wmgK1juhnY50,43
d1181cd1-c89c-478a-8a73-35026aea12d7,KmVhVa4hJun4,21
,FrrXNc0PxOJX,90
635bcc72-6a09-4850-88c1-2ea694a044f9,6ZTRf1hAgccr,86
f07c830e-6d4b-4ea0-9de3-cc73c0b26626,szpX60C6rdkC,73
e8b3593e-8cc9-4b19-8209-1c6e1a5f6454,OyivsgYuqtg4,45
4009f1b6-d81e-4ee8-928e-74ae8597e0d4,e1zYrHVY2iYg,40
,nZ4zLmLEx0of,7
e8b98dfb-aa52-4227-9b82-b707cb93aaa3,OlXc12e0m0xe,22
,gtZQHLv5bKxB,29
,mn1D5CkILAOR,96
,hlWvHCYwngiK,48
6a6a9c0b-4109-4877-a0d7-b0437ff85af4,zmhpY7UzQPB1,83
,7HLytXrsLx10,24
aaac64dd-6162-493a-b3ed-99cbe7042143,htRKjPZKTbef,71
621f26c9-2696-4abc-bb14-99f48e11632e,ctbUI4UQMnTw,80
,OHDH6Oa7spZf,87
4a183b89-20e8-417f-b5ac-e4d193646ce5,vEjwAMEHQgyu,51
,VWn9obH2bT2U,4
abd6cd0a-6150-49b2-a3c2-2175663db664,jC9WAV81NeVD,9
e840cfa4-6fb1-4489-9b59-55c33901450a,koZvGBMiZym5,48
,UNqO4adv1Pec,45
,FRlCrccVaCwU,29
f753d57f-f134-4db5-8e50-acd41d2bf6b6,tzuNnr1aTpn8,91
952f8a68-2eb1-44cf-8cda-6dbeb231a742,9Aqp8TQ6yzi3,95
0b5dfb4a-87b3-491f-8158-565dc53c2075,DvNIcemTQoBb,85
8bd29e9c-e47a-43d4-bf96-4d51831e7690,pJ6FEprcA8AQ,96
5a9b6917-f000-4c34-a859-beecd3a33201,q4PSZOUWMzWD,38
343eea7a-6246-4ccc-910a-ad15d5b810a3,UiEn1W20Jner,3
6ee8edd6-deb4-4df5-b29d-644283859ab1,gQGKU8NdqSiD,92
,SCod7Ea46EKB,16
383ce00e-9244-45f7-954b-945a434681ae,vNYRMbgwWRTf,46
239b5a24-da3a-49bf-9416-f9ca48526d3e,yTegMiDheO3L,51
c97da1cf-67cb-4280-9076-93983340b00a,Nz5uTZJajsbq,4
c79366d5-b1b2-43f6-ad02-6d66f7d1be21,DYhX6uTaYT56,13
805ec701-a039-4966-b3cf-1d6101124283,v0NUu5fax0A3,57
,WwKIBI5K05EB,81
64b1790f-b978-4615-a025-753065034c84,oFeUDxIDV5JA,86
15329a56-c504-4948-ace7-1dc555607ff9,jz17XEHaUaU3,26
,zjkhAv3VtMqC,39
,sDtW2Y6UxOxF,58
,Y7WYexhg3Ltr,89
,eDbPAp6OtJUo,17
,5rW1Bjnm4Qct,88
,oHmUkt2wPWbQ,52
0a71dce9-1517-48a1-88db-4bcfe10b844d,hxm0ZU1mdDmr,36
,mrdAZrDpxnoB,10
,jVaJRjQDUcjK,32
,vu1SXSGUfVoH,37
14980d46-75ca-4d71-bc8b-a6287ab6a938,fBEPDIagVhzV,29
,BqoRPW2yjgXu,25
,WeEn75PajSEn,51
,wCLgOYCM4oZV,18
,50R7PJfaMhX4,63
533ada15-f1ae-4b71-a4c0-144d2e9a6804,WHEKUml1ZJdt,71
ec7a4572-3785-4ca7-98de-a8ca4c95ba97,sy1JnesKKFvv,77
f43f5a14-4d2e-42ef-86a0-8e6847df7635,fRUWqSn7DwLA,93
,kPPjoGYab1UI,1
65e9eb68-5c65-40d3-a4f8-ff40f1b3a1f0,MNBqi5DzG2hC,97
,8Hnj0KDXeXLR,3
02f66895-cb25-4cea-ba46-7e4c89e9579e,8UvCep1UcMTY,64
be76aba0-9234-4c6c-a894-5e2031e0f398,cDORY2yTgZ3U,2
c9e73a50-b0db-4426-ad19-8e2a23dd8694,OOoJfk5w7VrA,64
dbba79eb-161f-4675-897a-f1b74f024eac,GxR8NXpyVwY1,68
7163b51b-12e4-4283-945d-16f986570acb,pT9SFwKwdAwL,9
,W0aoybhvjb47,57
,0FtU2rrJwLmm,59
,6Km3sFwP1cIL,55
734b3a68-7da2-4bf0-aebf-39d783e5d9eb,LHblSUUO4ctG,46
b35ce85b-6879-4eab-9305-d5dddc328d46,qWYq0uCzd14C,91
c98e7e71-7dc7-41f3-9d2f-db71b65ff8b4,nayp8Kcoah4P,93
3f5d003f-3083-41fa-b0a4-450d26735bf0,MtL46KLiMywd,57
1dfc7143-b47f-4c40-8ba1-b19d9e0578db,5w0LvH50JiIx,86
5506f175-d173-4880-96d2-f30b98e6ddbb,i3tVkXHz96i2,9
,mOavO0DwY7X2,37
03dd7c85-3a69-41e2-b939-489c196734dc,RbEVS2wEcfc9,78
b8e14c04-02bd-4ddc-887d-2b1d8ed7b9c6,q99Dsx2dnNc8,64
,rA89F3PZPdCb,1
,RSQ6EdVwvEOv,21
ea2ce995-7133-4794-83a4-90cbbfc3dbb0,tSQrCENQY682,29
ef962cba-fb60-4948-b502-601397d50883,7cz0DQDGLGTA,75
,pFsLh2QFJ1CJ,99
3b8b39a9-bc59-4c27-b1ab-e201763540aa,o0BYa0nfnaiN,16
,jgkU46XmweJb,42
,gRrSkgOhOmLn,40
8f7d51a4-11bf-4075-b5ad-dfdcdc55df17,wq2nZSjHe6vu,10
,L33ScbOA6C9x,50
9fe29cff-4abb-4a9d-ae85-af668fac2a9f,AJTT7o5MCj5U,91
,TEXT6cuDOjRe,34
0f069213-669b-4ab8-bda6-3f007c38c386,sea3szIUIEPM,20
4c7e261e-99af-45a0-95f7-4e006e810092,wUWoy0LsxGzZ,56
fd29df7c-30b6-4830-82b7-3272d97e7e56,CHC3Ghxi5OVf,33
c4286e51-a831-43b7-ac76-8a29a8cb6bb7,m9vqYU4GdI0z,8
cf2331ac-8bc3-414d-8e14-5b6ef3676708,ew53DihiG7zx,26
141223ba-49e0-47f2-b20f-c1fce61e1b16,U7ePRe7slIUJ,4
d0d2a63f-395d-461a-872c-53e88d10908d,omhx7VFjIFs7,77
,ONnZi2w0KTdW,9
,EsfRu7rEr1ww,67
178d3072-621f-4c83-a0eb-1ddd83ced7e1,6KWZP9fDXdu8,55
d1bd5008-c79f-47c0-9c69-b7fdb621e5a8,zLDtMFqxqCWH,8
,K4EM029oJtKs,64
38713d74-5251-445f-8e13-f4d1a7b7a110,Jm5hLlYzW6RS,66
370fb21a-3419-4c81-ac0b-6babb2406bcb,FqupooJwuVU1,3
04e27113-d2ed-4497-a8d2-839534caaaa0,RTRc9wlvIm9k,35
99838a73-10d4-4169-9b5d-5a5490ee138c,OtQYVEMFNnIj,56
99838a76-c53b-4f4e-acc0-c187c3928f9d,ubAg2jesa0aQ,62
99838a77-7e1b-45aa-9b10-b070c1c1a94a,oQh7AeU0RPnV,86
99838a77-c817-4315-adeb-01b3391875d6,8WFLrlREyeUX,32
99838a78-63cf-471c-903e-add9a80472ef,37fxZD8c3Bo9,61
99838a7a-3b5b-4789-b8aa-4e842ac94d25,M78IrvTSxAE0,31
99838a7f-c6fe-4f76-88e2-13e1a0f5cd2f,ulzQJbWy5aZK,53
99838a81-93e3-41d9-b032-2c1906aa29b2,glgVsips5avO,14
99838a82-4251-4f52-bde9-9b7a0a2c9e78,6LPxKaiRmwAP,26
99838a82-8992-4af5-a00d-b59b1dc9b487,8c5dIQqCodYX,82
99838a85-04eb-4321-97af-570f71313dd9,1iwneZagGJvO,84
99838a85-416f-45f2-a74e-3795d5ad976c,YNseEifDJn90,66
99838a8b-1ea5-4a81-a4d5-e3bde5e08c2e,G59L3EqUNXxC,65
99838a8b-a6b0-4928-bc02-5be0ed2eb648,9H2jD3I4f3W2,99
99838a8e-b00c-4160-abf1-817639c37e4c,CFHvSLPDgb15,60
99838a93-00c9-4519-870b-32203219a126,tnVNNMTZCJSO,43
99838a94-6b2b-44d7-8016-432540acf3ad,Eun52ozVkRlh,49
99838a98-85a2-4355-a024-0740aea7b6c1,qKPYP2yXTR86,88
99838a99-8ab0-41c7-834f-c0b321d91898,iAWruCcZQsp9,44
99838a9b-6979-496e-99df-8903e080c0c1,VV7WlwSpgqHO,99
99838a9b-7bfd-4cd5-b516-bc4e6d8b83ae,mXoZEqCsGaH6,59
99838a9b-bfcb-4094-a134-872e58d57e66,Q0k3PbRVG01C,88
99838a9f-2dc7-4e62-bba8-c444c16067d8,ltHai9eJNuVr,96
99838a9f-72b3-4963-b5ad-a4814b960b86,lJX8O1YLNXMQ,34
99838aa3-b889-4166-898f-5a3821fff333,qOOwU6uVExuH,14
99838aa3-b9cc-4905-bdfd-c41366f3247c,aMJ6IdDxGNGY,4
99838aa5-4909-4eb4-a307-dd8283d90f8e,RimRj28JpBnQ,72
99838aa5-500b-4a25-b371-9570b673a6eb,yY7oIuKtKjme,3
99838aa7-7f6d-4e8d-bae4-2070e4f4473c,wU5IDBavh1Qm,85
99838aa8-ebc8-46cd-97db-f7a660e1608d,2Ryn6Tqd4IdG,63
99838aa9-0bf8-4549-8ce3-f9d4cf995d4d,CP3nTJ4iZnfo,61
99838aac-6fa9-4e63-bd1f-165339026204,D9u0N8kb5uDG,63
99838aad-c7a8-4c09-90d7-54db4a6abbbd,417XTd5zmP8J,24
99838aad-e518-46d9-8b3c-9b12fe0a3643,YzNdSHpwVVa7,36
99838ab2-04b4-4da5-83ee-e2842f734a22,7VmGb5s9xl07,79
99838ab4-3bd3-4426-acca-3ecc588cf1e6,SypkFfuBOwk0,78
99838ab4-e8a2-4f66-84c2-4f634ff6214e,bfjjgKUaHKQ2,23
99838ab5-c0d2-4c72-9cec-27e848ef03b0,evYhn6TRgtYW,18
99838ac5-87e9-48e5-909f-08f9aa04af3e,U1sRU2h4SUuI,31
99838ac9-279b-43c0-9e59-b51d1aa89d68,jxZL92wvkrON,31
99838ac9-832a-46d4-8cc3-7af00c8c6c99,PIVmJyHeCuc4,71
99838aca-4ecc-4c5e-85f8-0eaafc7b893a,uHdrbpfAxOTU,71
99838ad2-44db-471b-a3c1-67e6ca2f13ed,ag1R1Y39y9r7,40
99838ad4-b200-4b5a-a24a-2bf3c73d6d26,F9KKOlOnMyd2,18
99838ad7-4964-45ba-96c5-4de9d189996f,kO6LONyl2G8G,18
99838ada-6917-4a22-a5a0-91bc5243c051,RxG5rP7E6JOE,91
99838add-d441-4af8-be69-1a5968333de0,WMw6r1bUfkvi,80
99838add-fed2-400d-a0d3-bd89e920f8d5,5wXr9gFOsddJ,38
99838ade-839e-4824-a2fe-039ffd9a37f2,0qNJU8sfYcfu,23
99838adf-1909-4794-a142-a6ffbc3cae30,selmjF1NMYYf,37
99838ae0-fce2-4597-8e36-55567358a695,WivB5sxgMuc9,89
99838ae1-147e-4a9a-94b4-f8ece7e1e0d5,EEu4OxvJP5Gq,84
99838ae3-f8d8-47cc-8246-d887170982b3,WkWaHO9KKtYE,64
99838ae5-877e-4c53-a822-fe4af63074a3,NGzl7p6ua1FO,12
99838ae5-d38d-4588-b913-e7df23668034,coHz8hyNmPV0,1
99838aea-14d4-4cce-926b-98bf05f81948,IpE0dO8u0iVb,41
99838af1-4713-42fd-8a61-6370cee65027,hmLyNl4DfOdu,26
99838af1-6b08-4e0a-9697-47c6fe6ed1cb,OjlBxO9RZbGq,53
99838af1-ea7f-442b-8621-5fc2f144e34d,zsFy6Y1ciyFC,78
99838af2-fb5b-4f97-a4b1-b800c6420a3f,jtM4nkEQRNOn,51
99838af3-78b5-4115-8dc1-525f54d24426,RuJTpUr8YBF5,61
99838af4-9829-48e9-a57c-a825e5b88871,qIPRzOuImsyD,86
99838af4-be35-4117-a50a-bba4f8618bb7,N8ZwMjB9skuC,33
99838af6-a575-48ae-9a64-b0445d821ac0,q56jEDnHSlLI,21
99838af8-4c1f-4671-9cff-67ff183ac8e2,qzKWoJqhFgVw,3
99838afb-2a6b-4e8e-bfd3-4afa5ca017cb,5VhDmxJVDujT,97
99838afb-f1ec-4ce4-81ec-f2a0df367202,RSieMnRm14aS,17
99838aff-3e02-440f-b61f-9bf6406fb993,ypHKEGzNPiA4,14
99838aff-8284-4f95-bf96-d2ca76049d29,zNSW1IJWSibe,3
99838b03-0efd-4ed3-a731-daa609a3fcae,TBCuHvPHMHIy,73
99838b03-2885-4bdd-9990-5c07ea36d3b7,f6hvC4Nm8giJ,97
99838b03-2d22-47d2-80f9-3aecacee0e8e,KQpIL1nRJmEB,34
99838b05-cc58-4563-8248-06d7ea68f9ba,IqNY7e59PuzY,92
99838b08-ea23-4375-882e-bcb403f45625,nrCDme0qkCJt,60
99838b09-6852-49d6-b4e5-6282899b989c,o0x5nySVbDz4,6
99838b09-dea6-4e17-9b52-46a0485191e6,978vw9KARRPN,65
99838b0a-044b-445e-8e60-c461f5f445b1,shhHFhbp4OWl,70
99838b11-396d-4bb0-841b-edda8e3e1927,wpOQawlDhWFn,96
99838b17-0012-4fa7-9d2c-c610d3e3b526,pyrl1muq8Q6Y,43
99838b1b-1349-4615-94f1-e0e8d9e8e943,f2u48ezAZhXh,62
99838b1b-99e7-42ac-8760-f7c0219bf17a,nBxMQddbmEcn,25
99838b1c-f6fd-4e78-95cf-d8b62bf868bd,hitGdBkpkOtt,14
99838b22-6706-4cd4-b2d2-9cc09683cda5,V8oqKGYQGg89,76
99838b26-7155-46aa-901b-de65bd927b1d,XZhHOiAWC8y6,75
99838b29-632c-4a10-8630-41b6d5c4ab1e,zeU7qCt0cZKQ,89
99838b2b-e5c6-4aed-befc-a37b4f87b6a4,rnTkpW4VCIVf,5
99838b2d-0438-414b-a429-2dc6f7d9923b,nQve2een8A5Z,11
99838b2d-0d1d-4ec4-b75d-0acde8d3e61d,SI77sRSyLfY5,79
99838b2e-0204-4d10-8d85-197c3645df49,5dLUg08c7rLr,90
99838b2f-9cad-422d-a898-d2729b5dcedd,leGpShyc55vS,83
99838b32-f794-471d-b2f7-5ad13244fd7d,vhbiLS0iLYkt,71
99838b35-b007-4053-8a1a-5e91384494cd,1JzW9QpW3UO4,77
99838b37-1c63-4a15-b387-bd0e8969b246,y59es1wAVADR,49
99838b39-2b41-430d-85f5-842b8f601324,uNFnuA9I76kp,68
99838b3c-6ada-4a0f-8b7d-ff65ee1179da,3Vmf9YnRzoTc,43
99838b3f-7336-4140-aa61-8695b17b3407,CE3dWhVcL6QY,49
99838b40-0573-4a94-b84d-1c4cc2faa9e1,RnpCDX7goZFD,58
99838b47-e7b7-437c-af9e-3093616c2c56,Vj4stz6K2QeY,96
99838b4a-9c74-4eae-8565-cf08b5146ebb,4C59nKzB1ooq,98
99838b4c-28c2-456f-bf94-9e96e8de5809,yYHANjpIN69D,70
